Africa/Johannesburg,Open,High,Low,Close,Volume
2026-08-14T00:00:00+02:00,1.15279,1.15303,1.15279,1.15289,121
2026-08-14T00:15:00+02:00,1.1529,1.1531,1.15289,1.15303,98
2026-08-14T00:30:00+02:00,1.15302,1.1531,1.15299,1.1531,81
2026-08-14T00:45:00+02:00,1.15309,1.15313,1.15305,1.15311,72
2026-08-14T01:00:00+02:00,1.15311,1.15332,1.15309,1.15324,103
2026-08-14T01:15:00+02:00,1.15324,1.15324,1.15318,1.15322,87
2026-08-14T01:30:00+02:00,1.15322,1.15332,1.15319,1.15329,80
2026-08-14T01:45:00+02:00,1.15329,1.15339,1.15328,1.15334,111
2026-08-14T02:00:00+02:00,1.15332,1.15353,1.1533,1.15343,289
2026-08-14T02:15:00+02:00,1.1534200000000001,1.15367,1.15341,1.15362,204
2026-08-14T02:30:00+02:00,1.15365,1.15373,1.15356,1.1536,175
2026-08-14T02:45:00+02:00,1.15362,1.15387,1.15354,1.15378,265
2026-08-14T03:00:00+02:00,1.1537600000000001,1.15378,1.15331,1.15333,299
2026-08-14T03:15:00+02:00,1.15333,1.1535,1.15318,1.15335,298
2026-08-14T03:30:00+02:00,1.15335,1.15375,1.15331,1.15359,225
2026-08-14T03:45:00+02:00,1.15359,1.15371,1.15335,1.15337,216
2026-08-14T04:00:00+02:00,1.15337,1.1536,1.15337,1.15356,194
2026-08-14T04:15:00+02:00,1.15356,1.15367,1.15344,1.15354,141
2026-08-14T04:30:00+02:00,1.15354,1.15371,1.15353,1.15369,192
2026-08-14T04:45:00+02:00,1.15369,1.15369,1.15332,1.1534,229
2026-08-14T05:00:00+02:00,1.1534,1.15354,1.15335,1.15351,169
2026-08-14T05:15:00+02:00,1.1535199999999999,1.1539,1.15345,1.1538,254
2026-08-14T05:30:00+02:00,1.15379,1.15381,1.15365,1.15369,171
2026-08-14T05:45:00+02:00,1.15369,1.15374,1.15357,1.15367,160
2026-08-14T06:00:00+02:00,1.15367,1.154,1.15365,1.15388,178
2026-08-14T06:15:00+02:00,1.15389,1.15396,1.15365,1.15366,149
2026-08-14T06:30:00+02:00,1.15367,1.15393,1.15363,1.15378,192
2026-08-14T06:45:00+02:00,1.15378,1.15395,1.1537600000000001,1.15383,133
2026-08-14T07:00:00+02:00,1.15383,1.15395,1.15378,1.15394,117
